algorithm,trial,depth,moves,result,time_seconds,nodes,avg_time_per_move,avg_nodes_per_move
alphabeta,1,1,85,1-0,0.501009464263916,1912,0.005894228991340188,22.49411764705882
alphabeta,1,2,53,1/2-1/2,5.251455545425415,22282,0.09908406689481915,420.41509433962267
