algorithm,trial,depth,moves,result,time_seconds,nodes,avg_time_per_move,avg_nodes_per_move
alphabeta,1,1,283,1-0,2.350346088409424,4386,0.008305109853036834,15.498233215547703
alphabeta,1,2,77,1-0,21.22062873840332,31153,0.2755925810182249,404.5844155844156
minimax,1,1,283,1-0,2.5107762813568115,4386,0.00887200099419368,15.498233215547703
minimax,1,2,77,1-0,57.06599020957947,83868,0.7411167559685645,1089.1948051948052
