Depth,Moves,Result,Time,Nodes
1,85,1-0,0.17369699478149414,1912
2,53,1/2-1/2,1.642845869064331,22282
3,138,0-1,93.75733399391174,1045073
